post_url,subreddit,post_id,post_title,post_content,upvotes,comments,intent_score,industry,notes,extracted_date,value_estimate
https://www.reddit.com/r/marketing/comments/1ltc8e8/advice_needed_if_you_were_me_would_you_hire_an/,marketing,1ltc8e8,"Advice Needed - If you were me, would you hire an agency? If so, what sort of agency should I consider? TIA",TLDR - One person marketing team feeling overwhelmed by lack of structure at a company that has never really needed a marketing department or budget. ...,0,0,high,marketing,,2026-03-03T04:31:36.186942,$10-20
https://www.reddit.com/r/marketing/comments/1blxvjb/a_oneman_marketing_department_im_really/,marketing,1blxvjb,A one-man marketing department. I’m really struggling. Anyone else?,"Hi. I really need help/advice. For info, I'm 26/M. I joined a family-run business nearly 12 months ago as a marketing assistant. This has been my first marketing role - I studied it at university (UK). So, before this role, my experience was very limited - but I'm well spoken, had the right attitude and they really liked my style of writing (I submitted personal work as part of the ...",0,0,high,marketing,,2026-03-03T04:31:36.186979,$10-20
https://www.reddit.com/r/marketing/comments/we8hr0/ideas_how_to_obtain_clients_when_starting/,marketing,we8hr0,Ideas how to obtain clients when starting : r/marketing - Reddit,"Basically I'm able to offer any type of marketing solutions including page building , CRM and more . Also I have a partnership with a really big marketing agency if I happen to get a really big project and need help.",0,0,high,marketing,,2026-03-03T04:31:36.186985,$10-20
https://www.reddit.com/r/marketing/comments/16oiwgx/i_need_help_marketing/,marketing,16oiwgx,I need help marketing : r/marketing - Reddit,I need help marketing I just started my own health insurance agency and just struggling with marketing and getting exposure. What's helped you build your brand and gain market exposure?,0,0,high,marketing,,2026-03-03T04:31:36.186989,$10-20
https://www.reddit.com/r/marketing/comments/1gat2h2/need_help_from_a_creative_agency/,marketing,1gat2h2,Need help from a creative agency : r/marketing,Need help from a creative agency. Hey Reddit! I'm reaching out to gather insights from creative agencies and freelancers. I'm in the process ...,0,0,high,marketing,,2026-03-03T04:31:36.186997,$10-20
https://www.reddit.com/r/marketing/comments/133uv23/need_help_with_marketing_my_small_instagram/,marketing,133uv23,Need help with marketing my small Instagram business : r/marketing - Reddit,"I struggled to reach 1k followers until I enlisted the help of a marketing agency called AscendViral. They helped me gain followers, which led to more views on my reels and an increase in customers.",0,0,high,marketing,,2026-03-03T04:31:36.187001,$10-20
https://www.reddit.com/r/marketing/comments/19398v6/i_need_recommendations_for_a_marketing_agency/,marketing,19398v6,I need recommendations for a marketing agency specialized in ...,"The account is in Latam we sell t-shirts and stuff but we need help with ads, if you have worked with anybody that you liked let me know please.",0,0,high,marketing,,2026-03-03T04:31:36.187019,$10-20
https://www.reddit.com/r/marketing/comments/jyotmq/how_do_i_get_an_entry_level_marketing_job_that/,marketing,jyotmq,How do I get an entry level marketing job that isn't sales ... - Reddit,You can find pages that people try to learn about marketing or need help. Find their posts in pages or find their comments. Show them your knowledge. Help people free. Build up your experience + reviews about your experience. Go Twitter write about your knowledge give people free tips about marketing.,0,0,high,marketing,,2026-03-03T04:31:36.187023,$10-20
https://www.reddit.com/r/marketing/comments/13rut13/need_help_i_am_paying_wishpond_a_marketing_agency/,marketing,13rut13,"NEED HELP - I am paying Wishpond, a marketing agency, it has been two months and nothing has been delivered to me. I send emails, and the account manager is not properly answering my questions or responding in a timely manner. What can I do?",,0,0,high,marketing,,2026-03-03T04:31:36.187027,$10-20
https://www.reddit.com/r/marketing/comments/lvr5cz/finding_agencies_freelancers_to_help/,marketing,lvr5cz,Finding Agencies & Freelancers to Help : r/marketing,What are you great at that people need help with that you can do with minimal supervision and that you can report on? (Reporting is the key ...,0,0,high,marketing,,2026-03-03T04:31:36.187032,$10-20
https://www.reddit.com/r/marketing/comments/13w9czk/im_stuck_in_a_terrible_small_agency_and_want_out/,marketing,13w9czk,I'm stuck in a terrible small agency and want out. I feel trapped.,"I'd recommend you first of all, the free courses, degrees and everything people has been suggesting. In second place, and this might sound farfetch but I've seen it working, you might need help of a career coach. People who are experts in the job market, what you need to do, roleplay interviews, etc.",0,0,high,marketing,,2026-03-03T04:31:36.187035,$10-20
https://www.reddit.com/r/marketing/comments/1erky84/seeking_performance_based_agency/,marketing,1erky84,Seeking Performance Based Agency : r/marketing,"Hello, I need help finding a Result Driven Marketing Agency and have no idea where to start. About Me: I am a successful experience creator ...",0,0,high,marketing,,2026-03-03T04:31:36.187052,$10-20
https://www.reddit.com/r/marketing/comments/1gbac2e/my_firm_hired_an_award_winning_marketing_agency/,marketing,1gbac2e,My Firm Hired An Award Winning Marketing Agency and We're ...,"I worked with a lending firm before via an agency, the agency was my client. ... Need help finding the right branding agency · r/marketing icon. r ...",0,0,high,marketing,,2026-03-03T04:31:36.187063,$10-20
https://www.reddit.com/r/marketing/comments/yr0wz8/need_help_finding_the_right_branding_agency/,marketing,yr0wz8,Need help finding the right branding agency : r/marketing,"Need help finding the right branding agency. Question. Hi guys,. My partner and I have been running our business for the last 2 years which is ...",0,0,high,marketing,,2026-03-03T04:31:36.187066,$10-20
https://www.reddit.com/r/marketing/comments/1h81v99/helpp_confused_need_help_growing_app_insta_page/,marketing,1h81v99,Helpp confused need help growing app insta page : r/marketing,Avg views before marketing agency 1800-2000 Avg views with marketing agency ... Need help setting up adding guests with VDO ninja through OBS I ...,0,0,high,marketing,,2026-03-03T04:31:36.187074,$10-20
