url,subreddit,title,content,intent,value,date_extracted
https://www.reddit.com/r/digital_marketing/comments/1du2d87/who_are_the_top_digital_marketing_companies_what/,r/digital_marketing,Who Are the Top Digital Marketing Companies? What Do They Provide? : r/digital_marketing,I Recommend these Agencies who are doing really well in recent times : THRIVE MARKETING AGENCY.,high,$2-10,2026-03-21T03:35:32.546837
https://www.reddit.com/r/digital_marketing/comments/1j8mxnv/please_recommend_great_digital_marketing_agency/,r/digital_marketing,r/digital_marketing on Reddit: Please recommend great digital marketing agency,,high,$2-10,2026-03-21T03:35:32.546856
https://www.reddit.com/r/influencermarketing/comments/1r0cbfy/influencer_marketing_agency_recommendations/,r/influencermarketing,r/influencermarketing on Reddit: Influencer marketing agency recommendations,,high,$2-10,2026-03-21T03:35:32.546859
https://www.reddit.com/r/marketing/comments/1mzq6s2/looking_for_marketing_agency_recommendations/,r/marketing,r/marketing on Reddit: Looking for Marketing Agency Recommendations (Partnerships in Mind),,high,$2-10,2026-03-21T03:35:32.546907
https://www.reddit.com/r/influencermarketing/comments/1rfwl7t/looking_for_a_marketing_agency/,r/influencermarketing,r/influencermarketing on Reddit: Looking for a marketing agency,,high,$2-10,2026-03-21T03:35:32.546911
https://www.reddit.com/r/Lawyertalk/comments/1kpmb11/marketing_agency_recommendations/,r/Lawyertalk,r/Lawyertalk on Reddit: Marketing Agency Recommendations,,high,$2-10,2026-03-21T03:35:32.546932
https://www.reddit.com/r/marketing/comments/1fydpbo/marketing_agency_recommendation/,r/marketing,r/marketing on Reddit: Marketing Agency Recommendation,"For marketing communications + advertising industry professionals to discuss and ask questions related to marketing strategy, media planning, digital, social, search, campaigns, data science, email, user experience, content, copywriting, segmentation, attribution, data visualization, testing, optimi",high,$2-10,2026-03-21T03:35:32.546941
https://www.reddit.com/r/AskMarketing/comments/1paf9uf/looking_for_help_in_marketing_my_business_and/,r/AskMarketing,r/AskMarketing on Reddit: Looking for help in marketing my business and don't know where to start.,,high,$2-10,2026-03-21T03:35:33.260807
https://www.reddit.com/r/marketing/comments/1b5pyue/i_need_help_in_digital_marketing/,r/marketing,r/marketing on Reddit: I Need Help in Digital Marketing!,,high,$2-10,2026-03-21T03:35:33.260813
https://www.reddit.com/r/smallbusiness/comments/1k4yom9/i_need_help_with_marketing/,r/smallbusiness,r/smallbusiness on Reddit: I need help with Marketing,,high,$2-10,2026-03-21T03:35:33.260819
https://www.reddit.com/r/marketing/comments/1cjnise/im_looking_for_someone_to_help_me_with_marketing/,r/marketing,r/marketing on Reddit: I'm looking for someone to help me with marketing,,high,$2-10,2026-03-21T03:35:33.260826
https://www.reddit.com/r/smallbusiness/comments/1j2fq91/need_help_with_online_marketing_for_my_small/,r/smallbusiness,r/smallbusiness on Reddit: Need Help with Online Marketing for My Small Business,,high,$2-10,2026-03-21T03:35:33.260850
https://www.reddit.com/r/smallbusiness/comments/1onyhr3/need_help_with_marketing_for_my_business/,r/smallbusiness,r/smallbusiness on Reddit: Need help with marketing for my business,,high,$2-10,2026-03-21T03:35:33.260858
https://www.reddit.com/r/AskMarketing/comments/1r0yzls/i_need_help_with_marketing_on_a_website_i_created/,r/AskMarketing,r/AskMarketing on Reddit: I need help with marketing on a website I created,,high,$2-10,2026-03-21T03:35:33.260862
https://www.reddit.com/r/SurveyExchange/comments/1ni5u07/need_help_with_marketing_assignment_3/,r/SurveyExchange,r/SurveyExchange on Reddit: Need help with marketing assignment <3,,high,$2-10,2026-03-21T03:35:33.260917
https://www.reddit.com/r/smallbusiness/comments/1q290zl/looking_for_a_marketing_agency/,r/smallbusiness,r/smallbusiness on Reddit: Looking for a Marketing Agency,,high,$2-10,2026-03-21T03:35:34.007148
https://www.reddit.com/r/AskMarketing/comments/1py8y7x/looking_for_marketing_agency_as_a_partner/,r/AskMarketing,r/AskMarketing on Reddit: Looking for marketing agency as a partner,,high,$2-10,2026-03-21T03:35:34.007161
https://www.reddit.com/r/DigitalMarketing/comments/1go5dfv/looking_for_marketing_agency_owners/,r/DigitalMarketing,Looking for marketing agency owners! : r/DigitalMarketing,What specifically are you looking for? I run an online community of agency owners. ... I am a digital marketing agency owner based in NY and would love to join!,high,$2-10,2026-03-21T03:35:34.007166
https://www.reddit.com/r/agency/comments/13np6ix/looking_for_a_marketing_agency/,r/agency,r/agency on Reddit: Looking for a marketing agency,,high,$2-10,2026-03-21T03:35:34.007170
https://www.reddit.com/r/AskMarketing/comments/1rr33nt/looking_for_a_digital_marketing_agency/,r/AskMarketing,r/AskMarketing on Reddit: Looking for a digital marketing agency reccomendation,,high,$2-10,2026-03-21T03:35:34.007174
